<?xml version="1.0" encoding="UTF-8"?>
<project xmlns="http://maven.apache.org/POM/4.0.0" xmlns:xsi="http://www.w3.org/2001/XMLSchema-instance" xsi:schemaLocation="http://maven.apache.org/POM/4.0.0 http://maven.apache.org/maven-v4_0_0.xsd">
  <modelVersion>4.0.0</modelVersion>
  <groupId>com.cts.mc</groupId>
  <artifactId>user-registration</artifactId>
  <name>User Registration Lambda</name>
  <version>0.0.1-SNAPSHOT</version>
  <description>Lambda Service for User Registration</description>
  <build>
    <plugins>
      <plugin>
        <artifactId>maven-compiler-plugin</artifactId>
        <version>${maven.compiler.plugin.version}</version>
        <configuration>
          <source>11</source>
          <target>11</target>
        </configuration>
      </plugin>
      <plugin>
        <artifactId>maven-shade-plugin</artifactId>
        <version>3.2.2</version>
        <executions>
          <execution>
            <phase>package</phase>
            <goals>
              <goal>shade</goal>
            </goals>
          </execution>
        </executions>
        <configuration>
          <createDependencyReducedPon>false</createDependencyReducedPon>
        </configuration>
      </plugin>
    </plugins>
  </build>
  <properties>
    <maven.compiler.plugin.version>3.8.1</maven.compiler.plugin.version>
  </properties>
</project>
